Date,Open,High,Low,Close,Volume,Dividends,Stock Splits
2022-01-21 00:00:00-05:00,154.9375,156.25,154.78125,155.9375,420863,0.0,0.0
2022-01-24 00:00:00-05:00,155.6875,156.59375,155.21875,155.90625,419035,0.0,0.0
2022-01-25 00:00:00-05:00,155.3125,156.28125,154.84375,155.25,371532,0.0,0.0
2022-01-26 00:00:00-05:00,155.4375,155.5625,153.90625,154.34375,320960,0.0,0.0
2022-01-27 00:00:00-05:00,154.21875,155.84375,154.15625,155.40625,388862,0.0,0.0
2022-01-28 00:00:00-05:00,155.375,155.9375,154.46875,155.75,336459,0.0,0.0
2022-01-31 00:00:00-05:00,155.59375,155.9375,154.96875,155.625,377257,0.0,0.0
2022-02-01 00:00:00-05:00,155.53125,156.3125,154.78125,155.3125,321344,0.0,0.0
2022-02-02 00:00:00-05:00,155.34375,156.53125,155.09375,156.0,314272,0.0,0.0
2022-02-03 00:00:00-05:00,155.75,156.15625,154.28125,154.90625,392186,0.0,0.0
2022-02-04 00:00:00-05:00,154.75,155.40625,153.0625,153.25,399019,0.0,0.0
2022-02-07 00:00:00-05:00,153.4375,153.9375,153.0625,153.5,266063,0.0,0.0
2022-02-08 00:00:00-05:00,153.46875,153.5625,152.4375,152.78125,268989,0.0,0.0
2022-02-09 00:00:00-05:00,152.65625,153.78125,152.5625,153.28125,285012,0.0,0.0
2022-02-10 00:00:00-05:00,152.96875,153.34375,151.0625,151.65625,540121,0.0,0.0
2022-02-11 00:00:00-05:00,151.46875,153.21875,150.8125,152.65625,538683,0.0,0.0
2022-02-14 00:00:00-05:00,152.75,153.46875,151.125,151.75,457124,0.0,0.0
2022-02-15 00:00:00-05:00,151.90625,152.21875,150.5625,150.75,323621,0.0,0.0
2022-02-16 00:00:00-05:00,150.75,151.5,150.375,150.84375,391691,0.0,0.0
2022-02-17 00:00:00-05:00,150.9375,152.53125,150.90625,151.96875,421171,0.0,0.0
2022-02-18 00:00:00-05:00,152.125,153.28125,151.625,153.03125,370383,0.0,0.0
2022-02-22 00:00:00-05:00,153.25,154.4375,152.53125,152.96875,854219,0.0,0.0
2022-02-23 00:00:00-05:00,153.09375,153.375,152.0625,152.5625,950229,0.0,0.0
2022-02-24 00:00:00-05:00,152.28125,154.8125,152.21875,152.4375,931968,0.0,0.0
2022-02-25 00:00:00-05:00,152.46875,153.21875,151.65625,152.25,206639,0.0,0.0
2022-02-28 00:00:00-05:00,153.28125,155.1875,153.15625,154.59375,40728,0.0,0.0
2022-03-01 00:00:00-05:00,154.78125,157.46875,154.375,157.03125,9136,0.0,0.0
2022-03-02 00:00:00-05:00,156.75,156.875,153.8125,154.5625,3861,0.0,0.0
2022-03-03 00:00:00-05:00,154.71875,155.1875,154.21875,154.90625,1764,0.0,0.0
2022-03-04 00:00:00-05:00,156.78125,157.46875,155.4375,157.21875,2218,0.0,0.0
2022-03-07 00:00:00-05:00,157.65625,157.78125,156.28125,157.625,2594,0.0,0.0
2022-03-08 00:00:00-05:00,157.0,157.0,155.0625,155.09375,345,0.0,0.0
2022-03-09 00:00:00-05:00,155.34375,155.34375,153.6875,153.6875,962,0.0,0.0
2022-03-10 00:00:00-05:00,153.8125,154.03125,152.5,152.8125,493,0.0,0.0
2022-03-11 00:00:00-05:00,153.34375,153.78125,153.15625,153.15625,95,0.0,0.0
2022-03-14 00:00:00-04:00,152.625,152.625,150.71875,150.71875,864,0.0,0.0
2022-03-15 00:00:00-04:00,151.25,151.5625,150.125,150.125,849,0.0,0.0
2022-03-16 00:00:00-04:00,150.25,150.28125,149.875,150.15625,122,0.0,0.0
2022-03-17 00:00:00-04:00,150.90625,150.9375,148.9375,149.8125,375,0.0,0.0
2022-03-18 00:00:00-04:00,150.4375,150.875,149.96875,150.78125,23,0.0,0.0
2022-03-21 00:00:00-04:00,149.3125,149.40625,148.09375,148.09375,175,0.0,0.0
2022-03-22 00:00:00-04:00,146.8125,147.0625,146.4375,146.96875,322346,0.0,0.0
2022-03-23 00:00:00-04:00,148.34375,150.25,147.65625,149.53125,345023,0.0,0.0
2022-03-24 00:00:00-04:00,150.0,150.03125,148.21875,149.34375,279531,0.0,0.0
2022-03-25 00:00:00-04:00,148.75,149.46875,146.625,147.0625,336257,0.0,0.0
2022-03-28 00:00:00-04:00,147.25,148.65625,146.3125,147.625,328111,0.0,0.0
2022-03-29 00:00:00-04:00,147.90625,149.3125,146.8125,148.9375,337410,0.0,0.0
2022-03-30 00:00:00-04:00,149.09375,150.03125,148.1875,149.4375,310166,0.0,0.0
2022-03-31 00:00:00-04:00,149.53125,150.40625,149.3125,150.0625,405107,0.0,0.0
2022-04-01 00:00:00-04:00,149.9375,150.0625,147.90625,149.8125,391832,0.0,0.0
2022-04-04 00:00:00-04:00,149.46875,149.65625,148.40625,148.875,288810,0.0,0.0
2022-04-05 00:00:00-04:00,149.125,149.34375,146.21875,146.40625,307287,0.0,0.0
2022-04-06 00:00:00-04:00,146.59375,146.6875,144.75,145.4375,384553,0.0,0.0
2022-04-07 00:00:00-04:00,145.5625,146.125,143.875,144.25,372556,0.0,0.0
2022-04-08 00:00:00-04:00,144.28125,144.84375,142.8125,143.15625,322365,0.0,0.0
2022-04-11 00:00:00-04:00,143.125,143.25,141.84375,142.0625,333077,0.0,0.0
2022-04-12 00:00:00-04:00,142.0,143.25,141.1875,142.4375,367750,0.0,0.0
2022-04-13 00:00:00-04:00,142.40625,143.625,141.34375,143.1875,357329,0.0,0.0
2022-04-14 00:00:00-04:00,142.84375,143.65625,140.75,141.0625,334679,0.0,0.0
2022-04-18 00:00:00-04:00,140.9375,141.09375,140.0,140.1875,206130,0.0,0.0
2022-04-19 00:00:00-04:00,140.21875,140.5625,138.96875,139.46875,323115,0.0,0.0
2022-04-20 00:00:00-04:00,139.125,141.40625,138.4375,141.03125,368716,0.0,0.0
2022-04-21 00:00:00-04:00,141.15625,141.25,139.28125,140.0625,371377,0.0,0.0
2022-04-22 00:00:00-04:00,139.96875,140.9375,139.3125,140.09375,302419,0.0,0.0
2022-04-25 00:00:00-04:00,140.125,142.375,139.875,141.53125,326285,0.0,0.0
2022-04-26 00:00:00-04:00,141.4375,143.28125,141.0,142.4375,327726,0.0,0.0
2022-04-27 00:00:00-04:00,143.0625,143.28125,141.28125,141.53125,330754,0.0,0.0
2022-04-28 00:00:00-04:00,141.3125,141.96875,140.375,141.21875,328690,0.0,0.0
2022-04-29 00:00:00-04:00,141.75,141.90625,139.84375,140.6875,455460,0.0,0.0
2022-05-02 00:00:00-04:00,139.84375,140.46875,138.90625,139.09375,298190,0.0,0.0
2022-05-03 00:00:00-04:00,139.34375,140.75,139.03125,140.0,290850,0.0,0.0
2022-05-04 00:00:00-04:00,139.65625,140.53125,138.90625,140.15625,410156,0.0,0.0
2022-05-05 00:00:00-04:00,139.59375,140.09375,136.59375,137.28125,471258,0.0,0.0
2022-05-06 00:00:00-04:00,137.71875,137.90625,136.0,136.3125,366495,0.0,0.0
2022-05-09 00:00:00-04:00,136.21875,137.75,134.9375,136.9375,405667,0.0,0.0
2022-05-10 00:00:00-04:00,137.53125,139.46875,137.125,138.59375,379740,0.0,0.0
2022-05-11 00:00:00-04:00,138.40625,139.875,137.21875,139.625,467862,0.0,0.0
2022-05-12 00:00:00-04:00,139.5,141.09375,139.4375,140.9375,451239,0.0,0.0
2022-05-13 00:00:00-04:00,140.59375,140.625,138.875,139.09375,273991,0.0,0.0
2022-05-16 00:00:00-04:00,139.03125,140.40625,138.78125,139.90625,304067,0.0,0.0
2022-05-17 00:00:00-04:00,139.625,139.8125,138.1875,138.65625,348422,0.0,0.0
2022-05-18 00:00:00-04:00,138.40625,140.53125,137.9375,140.3125,426795,0.0,0.0
2022-05-19 00:00:00-04:00,140.21875,142.0625,139.71875,140.59375,481981,0.0,0.0
2022-05-20 00:00:00-04:00,140.9375,142.03125,140.21875,141.78125,458458,0.0,0.0
2022-05-23 00:00:00-04:00,141.6875,141.6875,140.03125,140.3125,431874,0.0,0.0
2022-05-24 00:00:00-04:00,140.46875,142.5,140.21875,141.90625,806137,0.0,0.0
2022-05-25 00:00:00-04:00,141.9375,142.6875,141.46875,141.84375,733561,0.0,0.0
2022-05-26 00:00:00-04:00,141.8125,142.5625,140.96875,141.6875,429911,0.0,0.0
2022-05-27 00:00:00-04:00,141.75,142.6875,141.53125,141.9375,148561,0.0,0.0
2022-05-31 00:00:00-04:00,141.90625,142.03125,139.6875,140.4375,24950,0.0,0.0
2022-06-01 00:00:00-04:00,140.40625,141.0,139.25,139.625,12731,0.0,0.0
2022-06-02 00:00:00-04:00,139.90625,140.34375,139.1875,139.75,5827,0.0,0.0
2022-06-03 00:00:00-04:00,139.625,139.875,138.5,139.1875,8178,0.0,0.0
2022-06-06 00:00:00-04:00,139.375,139.4375,137.53125,137.71875,3813,0.0,0.0
2022-06-07 00:00:00-04:00,137.6875,139.125,137.5,139.0,2210,0.0,0.0
2022-06-08 00:00:00-04:00,138.78125,138.78125,137.8125,138.0,897,0.0,0.0
2022-06-09 00:00:00-04:00,137.96875,138.28125,137.3125,138.09375,1729,0.0,0.0
2022-06-10 00:00:00-04:00,137.96875,139.1875,136.375,136.65625,666,0.0,0.0
2022-06-13 00:00:00-04:00,136.5,136.8125,132.75,133.59375,4253,0.0,0.0
2022-06-14 00:00:00-04:00,133.6875,134.3125,132.28125,132.375,1248,0.0,0.0
2022-06-15 00:00:00-04:00,133.0625,133.9375,132.875,133.40625,7022,0.0,0.0
2022-06-16 00:00:00-04:00,132.625,135.53125,132.625,134.65625,1892,0.0,0.0
2022-06-17 00:00:00-04:00,134.875,136.46875,134.875,135.8125,83,0.0,0.0
2022-06-21 00:00:00-04:00,136.5,137.46875,134.59375,134.59375,314431,0.0,0.0
2022-06-22 00:00:00-04:00,133.84375,136.3125,133.6875,135.96875,373302,0.0,0.0
2022-06-23 00:00:00-04:00,135.8125,137.90625,135.75,137.09375,464294,0.0,0.0
2022-06-24 00:00:00-04:00,136.78125,137.5,135.78125,136.03125,293386,0.0,0.0
2022-06-27 00:00:00-04:00,135.9375,136.1875,134.78125,135.3125,238645,0.0,0.0
2022-06-28 00:00:00-04:00,135.125,135.71875,134.25,135.15625,231757,0.0,0.0
2022-06-29 00:00:00-04:00,135.53125,136.96875,135.40625,136.9375,250920,0.0,0.0
2022-06-30 00:00:00-04:00,136.8125,138.6875,136.5625,138.625,426307,0.0,0.0
2022-07-01 00:00:00-04:00,137.96875,141.34375,137.8125,139.34375,422195,0.0,0.0
2022-07-05 00:00:00-04:00,139.4375,141.53125,138.1875,141.15625,382316,0.0,0.0
2022-07-06 00:00:00-04:00,141.1875,142.1875,139.375,139.78125,391497,0.0,0.0
2022-07-07 00:00:00-04:00,139.53125,140.0,138.1875,138.40625,285827,0.0,0.0
2022-07-08 00:00:00-04:00,138.46875,138.90625,136.78125,136.84375,275352,0.0,0.0
2022-07-11 00:00:00-04:00,136.9375,138.96875,136.75,138.71875,222203,0.0,0.0
2022-07-12 00:00:00-04:00,138.625,140.375,138.5625,139.34375,274349,0.0,0.0
2022-07-13 00:00:00-04:00,138.96875,140.4375,137.5625,140.34375,456406,0.0,0.0
2022-07-14 00:00:00-04:00,139.6875,140.21875,138.53125,139.5625,358712,0.0,0.0
2022-07-15 00:00:00-04:00,139.40625,140.65625,139.34375,140.03125,279785,0.0,0.0
2022-07-18 00:00:00-04:00,140.03125,140.4375,138.375,139.25,241099,0.0,0.0
2022-07-19 00:00:00-04:00,138.71875,139.28125,138.03125,138.5625,237476,0.0,0.0
2022-07-20 00:00:00-04:00,138.375,139.78125,138.28125,138.5,253950,0.0,0.0
2022-07-21 00:00:00-04:00,138.5625,140.84375,137.71875,140.34375,353535,0.0,0.0
2022-07-22 00:00:00-04:00,140.78125,143.0,140.4375,142.0625,337937,0.0,0.0
2022-07-25 00:00:00-04:00,142.625,142.65625,140.96875,141.40625,230650,0.0,0.0
2022-07-26 00:00:00-04:00,141.8125,143.34375,141.625,142.125,252837,0.0,0.0
2022-07-27 00:00:00-04:00,141.75,143.0625,141.46875,142.75,253009,0.0,0.0
2022-07-28 00:00:00-04:00,141.78125,143.84375,141.21875,143.15625,353282,0.0,0.0
2022-07-29 00:00:00-04:00,143.15625,144.375,142.3125,144.0,408529,0.0,0.0
2022-08-01 00:00:00-04:00,143.5625,145.0,142.90625,144.6875,305809,0.0,0.0
2022-08-02 00:00:00-04:00,144.90625,145.96875,142.28125,142.96875,416566,0.0,0.0
2022-08-03 00:00:00-04:00,142.625,143.65625,141.15625,142.84375,321360,0.0,0.0
2022-08-04 00:00:00-04:00,143.46875,144.25,142.90625,143.6875,275774,0.0,0.0
2022-08-05 00:00:00-04:00,143.46875,143.84375,140.59375,141.21875,305001,0.0,0.0
2022-08-08 00:00:00-04:00,141.21875,142.90625,141.0,142.5625,191710,0.0,0.0
2022-08-09 00:00:00-04:00,142.65625,142.84375,141.8125,142.375,175945,0.0,0.0
2022-08-10 00:00:00-04:00,142.5625,144.0625,141.71875,141.9375,338583,0.0,0.0
2022-08-11 00:00:00-04:00,141.96875,142.84375,139.75,140.0,353754,0.0,0.0
2022-08-12 00:00:00-04:00,139.78125,140.84375,139.5,140.59375,227205,0.0,0.0
2022-08-15 00:00:00-04:00,140.71875,142.09375,140.40625,141.53125,207710,0.0,0.0
2022-08-16 00:00:00-04:00,141.59375,141.84375,140.09375,141.21875,220726,0.0,0.0
2022-08-17 00:00:00-04:00,141.34375,141.46875,139.875,140.3125,277200,0.0,0.0
2022-08-18 00:00:00-04:00,140.125,141.15625,139.96875,140.4375,246628,0.0,0.0
2022-08-19 00:00:00-04:00,140.46875,140.53125,138.21875,138.46875,275576,0.0,0.0
2022-08-22 00:00:00-04:00,138.6875,139.125,137.78125,137.90625,243437,0.0,0.0
2022-08-23 00:00:00-04:00,138.09375,138.6875,137.09375,137.5,423991,0.0,0.0
2022-08-24 00:00:00-04:00,137.46875,137.875,136.15625,136.4375,671196,0.0,0.0
2022-08-25 00:00:00-04:00,136.375,137.90625,136.0,137.8125,608896,0.0,0.0
2022-08-26 00:00:00-04:00,137.71875,138.25,136.8125,137.6875,465680,0.0,0.0
2022-08-29 00:00:00-04:00,137.59375,137.625,136.25,136.5625,302588,0.0,0.0
2022-08-30 00:00:00-04:00,136.59375,137.4375,136.09375,136.78125,120285,0.0,0.0
2022-08-31 00:00:00-04:00,136.6875,136.96875,135.53125,136.40625,20076,0.0,0.0
2022-09-01 00:00:00-04:00,135.625,135.65625,133.6875,134.125,10913,0.0,0.0
2022-09-02 00:00:00-04:00,134.25,135.25,133.78125,135.15625,7929,0.0,0.0
2022-09-06 00:00:00-04:00,135.0,135.0,132.6875,133.0,6525,0.0,0.0
2022-09-07 00:00:00-04:00,132.8125,134.375,132.8125,134.1875,3786,0.0,0.0
2022-09-08 00:00:00-04:00,134.03125,134.78125,133.40625,133.8125,5122,0.0,0.0
2022-09-09 00:00:00-04:00,133.40625,134.3125,133.28125,133.46875,569,0.0,0.0
2022-09-12 00:00:00-04:00,133.40625,134.125,132.84375,132.84375,944,0.0,0.0
2022-09-13 00:00:00-04:00,132.875,133.5625,131.75,132.375,4422,0.0,0.0
2022-09-14 00:00:00-04:00,132.28125,132.90625,132.125,132.4375,84,0.0,0.0
2022-09-15 00:00:00-04:00,132.0625,132.34375,131.84375,131.875,4173,0.0,0.0
2022-09-16 00:00:00-04:00,131.625,131.71875,130.96875,131.625,413,0.0,0.0
2022-09-19 00:00:00-04:00,131.375,131.40625,130.8125,131.375,1063,0.0,0.0
2022-09-20 00:00:00-04:00,130.96875,130.96875,129.875,130.28125,1089,0.0,0.0
2022-09-21 00:00:00-04:00,130.3125,131.03125,130.21875,130.21875,349256,0.0,0.0
2022-09-22 00:00:00-04:00,130.5,131.0,128.03125,128.21875,408436,0.0,0.0
2022-09-23 00:00:00-04:00,128.25,129.375,126.90625,128.78125,431286,0.0,0.0
2022-09-26 00:00:00-04:00,128.96875,128.96875,125.75,126.5,429772,0.0,0.0
2022-09-27 00:00:00-04:00,125.84375,127.21875,124.40625,124.8125,466759,0.0,0.0
2022-09-28 00:00:00-04:00,125.0,127.875,123.9375,127.6875,570998,0.0,0.0
2022-09-29 00:00:00-04:00,127.125,127.5625,125.6875,127.0625,392777,0.0,0.0
2022-09-30 00:00:00-04:00,126.4375,128.03125,126.0,126.40625,506181,0.0,0.0
2022-10-03 00:00:00-04:00,126.15625,129.3125,126.09375,128.3125,384807,0.0,0.0
2022-10-04 00:00:00-04:00,128.40625,129.375,128.125,128.65625,322796,0.0,0.0
2022-10-05 00:00:00-04:00,128.40625,128.6875,126.34375,126.78125,318037,0.0,0.0
2022-10-06 00:00:00-04:00,126.875,127.28125,125.875,126.28125,292241,0.0,0.0
2022-10-07 00:00:00-04:00,126.28125,126.40625,125.0625,125.53125,272038,0.0,0.0
2022-10-10 00:00:00-04:00,125.5,125.8125,123.65625,124.15625,103760,0.0,0.0
2022-10-11 00:00:00-04:00,124.21875,125.5,123.71875,124.65625,293725,0.0,0.0
2022-10-12 00:00:00-04:00,124.375,125.34375,123.875,125.15625,319504,0.0,0.0
2022-10-13 00:00:00-04:00,125.21875,125.875,122.875,124.5625,431969,0.0,0.0
2022-10-14 00:00:00-04:00,124.75,125.96875,123.4375,123.71875,374956,0.0,0.0
2022-10-17 00:00:00-04:00,123.625,124.875,123.1875,123.375,221788,0.0,0.0
2022-10-18 00:00:00-04:00,123.34375,123.96875,122.375,123.5625,308745,0.0,0.0
2022-10-19 00:00:00-04:00,123.34375,123.46875,121.71875,121.90625,329457,0.0,0.0
2022-10-20 00:00:00-04:00,121.84375,122.1875,120.15625,120.4375,312646,0.0,0.0
2022-10-21 00:00:00-04:00,120.40625,120.46875,118.1875,119.125,580764,0.0,0.0
2022-10-24 00:00:00-04:00,118.9375,120.0625,117.59375,118.3125,377199,0.0,0.0
2022-10-25 00:00:00-04:00,118.21875,120.6875,118.15625,120.0625,330413,0.0,0.0
2022-10-26 00:00:00-04:00,120.09375,121.71875,120.03125,121.46875,320072,0.0,0.0
2022-10-27 00:00:00-04:00,121.6875,122.78125,120.65625,122.34375,330059,0.0,0.0
2022-10-28 00:00:00-04:00,122.46875,122.625,120.90625,121.25,321412,0.0,0.0
2022-10-31 00:00:00-04:00,121.03125,121.25,120.09375,120.5,404588,0.0,0.0
2022-11-01 00:00:00-04:00,121.0,122.875,120.78125,121.03125,322513,0.0,0.0
2022-11-02 00:00:00-04:00,121.28125,121.96875,120.125,120.71875,326666,0.0,0.0
2022-11-03 00:00:00-04:00,120.28125,120.46875,118.6875,120.3125,324086,0.0,0.0
2022-11-04 00:00:00-04:00,119.9375,120.28125,118.84375,119.4375,279106,0.0,0.0
2022-11-07 00:00:00-05:00,119.5625,120.0,118.3125,118.53125,223011,0.0,0.0
2022-11-08 00:00:00-05:00,118.4375,120.03125,118.09375,119.9375,263362,0.0,0.0
2022-11-09 00:00:00-05:00,119.90625,120.75,119.15625,119.65625,296803,0.0,0.0
2022-11-10 00:00:00-05:00,120.375,124.3125,119.9375,124.125,507746,0.0,0.0
2022-11-11 00:00:00-05:00,124.09375,124.15625,123.0625,123.8125,134362,0.0,0.0
2022-11-14 00:00:00-05:00,123.34375,123.9375,122.875,123.65625,274906,0.0,0.0
2022-11-15 00:00:00-05:00,123.84375,125.15625,123.5,124.53125,355803,0.0,0.0
2022-11-16 00:00:00-05:00,124.75,126.6875,124.0625,126.40625,332498,0.0,0.0
2022-11-17 00:00:00-05:00,126.53125,126.84375,125.1875,125.84375,356445,0.0,0.0
2022-11-18 00:00:00-05:00,125.90625,126.375,125.28125,125.4375,245807,0.0,0.0
2022-11-21 00:00:00-05:00,125.40625,126.40625,125.21875,125.46875,429664,0.0,0.0
2022-11-22 00:00:00-05:00,125.375,126.84375,125.3125,126.625,843200,0.0,0.0
2022-11-23 00:00:00-05:00,126.6875,127.875,126.3125,127.625,556348,0.0,0.0
2022-11-25 00:00:00-05:00,127.65625,128.59375,127.125,127.59375,243727,0.0,0.0
2022-11-28 00:00:00-05:00,127.59375,128.6875,127.28125,127.40625,374550,0.0,0.0
2022-11-29 00:00:00-05:00,127.59375,128.1875,126.40625,126.71875,125341,0.0,0.0
2022-11-30 00:00:00-05:00,126.71875,128.3125,126.0625,127.03125,14765,0.0,0.0
2022-12-01 00:00:00-05:00,128.15625,129.84375,127.8125,129.5625,7559,0.0,0.0
2022-12-02 00:00:00-05:00,129.625,130.28125,128.34375,129.84375,1725,0.0,0.0
2022-12-05 00:00:00-05:00,129.65625,129.875,128.5,128.875,2500,0.0,0.0
2022-12-06 00:00:00-05:00,129.25,130.46875,129.1875,130.46875,318,0.0,0.0
2022-12-07 00:00:00-05:00,130.4375,131.96875,129.9375,131.96875,688,0.0,0.0
2022-12-08 00:00:00-05:00,131.625,131.625,131.03125,131.03125,97,0.0,0.0
2022-12-09 00:00:00-05:00,131.25,131.25,129.59375,129.9375,129,0.0,0.0
2022-12-12 00:00:00-05:00,130.21875,130.8125,129.71875,129.71875,557,0.0,0.0
2022-12-13 00:00:00-05:00,129.78125,132.3125,129.78125,131.25,352,0.0,0.0
2022-12-14 00:00:00-05:00,131.625,131.65625,131.15625,131.15625,307,0.0,0.0
2022-12-15 00:00:00-05:00,132.125,132.125,132.125,132.125,2,0.0,0.0
2022-12-16 00:00:00-05:00,132.09375,132.09375,131.0,131.21875,82,0.0,0.0
2022-12-19 00:00:00-05:00,130.78125,130.875,129.46875,129.84375,82,0.0,0.0
2022-12-20 00:00:00-05:00,128.40625,128.65625,127.09375,128.25,311227,0.0,0.0
2022-12-21 00:00:00-05:00,128.125,128.9375,127.59375,128.15625,232284,0.0,0.0
2022-12-22 00:00:00-05:00,128.4375,128.875,128.0,128.4375,170765,0.0,0.0
2022-12-23 00:00:00-05:00,128.25,128.28125,127.09375,127.15625,168148,0.0,0.0
2022-12-27 00:00:00-05:00,127.34375,127.46875,125.28125,125.3125,182645,0.0,0.0
2022-12-28 00:00:00-05:00,125.46875,125.96875,124.6875,124.90625,179049,0.0,0.0
2022-12-29 00:00:00-05:00,124.90625,125.75,124.625,125.5,159477,0.0,0.0
2022-12-30 00:00:00-05:00,125.59375,125.65625,124.34375,125.34375,274460,0.0,0.0
2023-01-03 00:00:00-05:00,125.5,127.1875,125.09375,126.21875,321925,0.0,0.0
2023-01-04 00:00:00-05:00,126.75,128.125,126.53125,127.5,318933,0.0,0.0
2023-01-05 00:00:00-05:00,127.5,127.8125,126.46875,127.53125,253816,0.0,0.0
2023-01-06 00:00:00-05:00,127.5,129.5,126.84375,129.21875,392821,0.0,0.0
2023-01-09 00:00:00-05:00,129.15625,130.03125,128.5,129.90625,304125,0.0,0.0
2023-01-10 00:00:00-05:00,129.59375,129.84375,127.9375,128.21875,281414,0.0,0.0
2023-01-11 00:00:00-05:00,128.21875,129.5,128.125,129.09375,295424,0.0,0.0
2023-01-12 00:00:00-05:00,129.1875,130.96875,127.9375,130.65625,467713,0.0,0.0
2023-01-13 00:00:00-05:00,130.5625,131.3125,129.84375,130.0,312427,0.0,0.0
2023-01-17 00:00:00-05:00,130.0625,130.1875,128.75,129.71875,297548,0.0,0.0
2023-01-18 00:00:00-05:00,129.5,132.28125,129.4375,132.0625,508870,0.0,0.0
2023-01-19 00:00:00-05:00,132.0625,132.96875,131.28125,131.75,310173,0.0,0.0
2023-01-20 00:00:00-05:00,131.8125,131.84375,130.09375,130.46875,308147,0.0,0.0
2023-01-23 00:00:00-05:00,130.53125,130.75,129.5625,129.84375,237193,0.0,0.0
2023-01-24 00:00:00-05:00,130.03125,131.125,129.5,130.84375,271907,0.0,0.0
2023-01-25 00:00:00-05:00,131.15625,131.65625,130.5,130.8125,298348,0.0,0.0
2023-01-26 00:00:00-05:00,131.1875,131.25,130.0,130.40625,276422,0.0,0.0
2023-01-27 00:00:00-05:00,130.28125,130.40625,129.3125,130.15625,233597,0.0,0.0
2023-01-30 00:00:00-05:00,130.28125,130.5,129.375,129.78125,276531,0.0,0.0
2023-01-31 00:00:00-05:00,129.84375,130.59375,129.46875,129.875,442628,0.0,0.0
2023-02-01 00:00:00-05:00,130.1875,131.875,129.96875,131.65625,438963,0.0,0.0
2023-02-02 00:00:00-05:00,131.40625,132.6875,131.25,131.78125,389642,0.0,0.0
2023-02-03 00:00:00-05:00,131.8125,132.28125,129.59375,130.0625,406572,0.0,0.0
2023-02-06 00:00:00-05:00,130.03125,130.0625,128.75,129.0,313051,0.0,0.0
2023-02-07 00:00:00-05:00,129.03125,129.34375,128.15625,128.40625,370631,0.0,0.0
2023-02-08 00:00:00-05:00,128.28125,128.90625,127.875,128.34375,317279,0.0,0.0
2023-02-09 00:00:00-05:00,128.90625,129.40625,127.78125,127.875,327929,0.0,0.0
2023-02-10 00:00:00-05:00,128.03125,128.09375,126.8125,126.9375,288797,0.0,0.0
2023-02-13 00:00:00-05:00,126.9375,127.65625,126.71875,127.375,253669,0.0,0.0
2023-02-14 00:00:00-05:00,127.5625,128.8125,126.4375,126.96875,407830,0.0,0.0
2023-02-15 00:00:00-05:00,127.3125,127.59375,126.0,126.21875,420831,0.0,0.0
2023-02-16 00:00:00-05:00,126.21875,126.625,125.1875,125.5625,403013,0.0,0.0
2023-02-17 00:00:00-05:00,125.3125,126.0,124.4375,125.78125,311605,0.0,0.0
2023-02-21 00:00:00-05:00,125.84375,125.9375,124.03125,124.09375,577395,0.0,0.0
2023-02-22 00:00:00-05:00,124.15625,124.9375,123.9375,124.5625,905401,0.0,0.0
2023-02-23 00:00:00-05:00,124.65625,125.375,123.8125,125.09375,780098,0.0,0.0
2023-02-24 00:00:00-05:00,124.96875,125.375,123.5625,123.875,452036,0.0,0.0
2023-02-27 00:00:00-05:00,123.9375,124.53125,123.4375,124.21875,188124,0.0,0.0
2023-02-28 00:00:00-05:00,124.1875,124.375,123.25,124.125,25643,0.0,0.0
2023-03-01 00:00:00-05:00,124.0625,124.21875,122.9375,123.1875,8577,0.0,0.0
2023-03-02 00:00:00-05:00,123.0,123.0,121.84375,122.21875,4513,0.0,0.0
2023-03-03 00:00:00-05:00,122.25,123.96875,122.09375,123.84375,5586,0.0,0.0
2023-03-06 00:00:00-05:00,124.1875,124.75,123.59375,123.59375,389,0.0,0.0
2023-03-07 00:00:00-05:00,123.8125,124.5,123.78125,124.0,8076,0.0,0.0
2023-03-08 00:00:00-05:00,123.8125,124.9375,123.75,124.1875,1362,0.0,0.0
2023-03-09 00:00:00-05:00,123.84375,124.875,123.84375,124.71875,2135,0.0,0.0
2023-03-10 00:00:00-05:00,126.09375,128.28125,125.6875,128.03125,2971,0.0,0.0
2023-03-13 00:00:00-04:00,129.0,131.3125,127.15625,130.125,609,0.0,0.0
2023-03-14 00:00:00-04:00,129.0,129.0,128.59375,128.59375,13,0.0,0.0
2023-03-15 00:00:00-04:00,128.375,131.6875,128.3125,130.21875,1030,0.0,0.0
2023-03-16 00:00:00-04:00,131.25,131.25,129.15625,129.15625,83,0.0,0.0
2023-03-17 00:00:00-04:00,130.78125,131.28125,130.78125,131.28125,20,0.0,0.0
2023-03-20 00:00:00-04:00,130.75,130.75,130.0,130.0,6,0.0,0.0
2023-03-21 00:00:00-04:00,130.75,130.75,128.4375,128.71875,20,0.0,0.0
2023-03-22 00:00:00-04:00,128.9375,129.03125,128.84375,129.03125,376053,0.0,0.0
2023-03-23 00:00:00-04:00,131.71875,132.25,130.4375,131.78125,371247,0.0,0.0
2023-03-24 00:00:00-04:00,131.375,133.28125,131.1875,132.34375,401320,0.0,0.0
2023-03-27 00:00:00-04:00,132.5625,132.59375,130.15625,130.34375,251086,0.0,0.0
2023-03-28 00:00:00-04:00,130.34375,130.78125,129.8125,129.9375,232730,0.0,0.0
2023-03-29 00:00:00-04:00,129.9375,130.21875,129.1875,129.8125,240216,0.0,0.0
2023-03-30 00:00:00-04:00,129.8125,130.34375,129.40625,130.15625,232894,0.0,0.0
2023-03-31 00:00:00-04:00,130.28125,131.53125,129.6875,131.15625,327380,0.0,0.0
2023-04-03 00:00:00-04:00,131.15625,132.4375,130.375,131.9375,267301,0.0,0.0
2023-04-04 00:00:00-04:00,132.15625,133.21875,131.15625,133.125,257343,0.0,0.0
2023-04-05 00:00:00-04:00,132.9375,134.21875,132.75,134.0625,285089,0.0,0.0
2023-04-06 00:00:00-04:00,133.71875,134.4375,133.65625,134.09375,203681,0.0,0.0
2023-04-10 00:00:00-04:00,133.09375,133.59375,132.1875,132.5625,154935,0.0,0.0
2023-04-11 00:00:00-04:00,132.5625,133.0,132.03125,132.375,187337,0.0,0.0
2023-04-12 00:00:00-04:00,132.40625,133.46875,131.46875,132.15625,282974,0.0,0.0
2023-04-13 00:00:00-04:00,132.6875,133.03125,131.6875,131.8125,261161,0.0,0.0
2023-04-14 00:00:00-04:00,131.84375,132.0625,130.5625,130.71875,262804,0.0,0.0
2023-04-17 00:00:00-04:00,130.8125,130.96875,129.53125,129.75,227473,0.0,0.0
2023-04-18 00:00:00-04:00,129.625,130.3125,129.46875,130.03125,209766,0.0,0.0
2023-04-19 00:00:00-04:00,129.96875,130.03125,129.125,129.71875,280984,0.0,0.0
2023-04-20 00:00:00-04:00,129.65625,130.71875,129.625,130.3125,236599,0.0,0.0
2023-04-21 00:00:00-04:00,130.4375,130.9375,129.75,129.90625,209712,0.0,0.0
2023-04-24 00:00:00-04:00,129.8125,131.03125,129.8125,130.75,167697,0.0,0.0
2023-04-25 00:00:00-04:00,130.96875,132.625,130.9375,132.375,312908,0.0,0.0
2023-04-26 00:00:00-04:00,132.21875,132.65625,131.40625,131.71875,282777,0.0,0.0
2023-04-27 00:00:00-04:00,131.46875,131.625,130.21875,130.40625,277422,0.0,0.0
2023-04-28 00:00:00-04:00,130.4375,132.125,130.0625,131.65625,386405,0.0,0.0
2023-05-01 00:00:00-04:00,131.8125,131.8125,129.0625,129.65625,308559,0.0,0.0
2023-05-02 00:00:00-04:00,129.6875,131.75,129.59375,131.4375,351405,0.0,0.0
2023-05-03 00:00:00-04:00,131.625,132.90625,131.5,131.875,339588,0.0,0.0
2023-05-04 00:00:00-04:00,132.9375,133.0,131.4375,132.125,391121,0.0,0.0
2023-05-05 00:00:00-04:00,131.78125,131.9375,130.40625,130.96875,237632,0.0,0.0
2023-05-08 00:00:00-04:00,131.15625,131.40625,129.8125,129.875,217752,0.0,0.0
2023-05-09 00:00:00-04:00,130.0,130.5,129.5625,129.6875,234937,0.0,0.0
2023-05-10 00:00:00-04:00,129.71875,130.90625,129.59375,130.6875,277924,0.0,0.0
2023-05-11 00:00:00-04:00,130.6875,132.25,130.53125,131.53125,345271,0.0,0.0
2023-05-12 00:00:00-04:00,131.5625,131.9375,130.53125,130.71875,227827,0.0,0.0
2023-05-15 00:00:00-04:00,130.59375,130.75,129.625,129.78125,264149,0.0,0.0
2023-05-16 00:00:00-04:00,129.75,130.375,128.6875,129.125,398789,0.0,0.0
2023-05-17 00:00:00-04:00,129.21875,129.65625,128.6875,128.78125,365015,0.0,0.0
2023-05-18 00:00:00-04:00,129.0,129.28125,127.78125,127.90625,359494,0.0,0.0
2023-05-19 00:00:00-04:00,127.9375,128.1875,126.8125,127.15625,381461,0.0,0.0
2023-05-22 00:00:00-04:00,127.4375,127.75,126.625,126.78125,347273,0.0,0.0
2023-05-23 00:00:00-04:00,126.75,127.09375,126.1875,126.9375,632000,0.0,0.0
2023-05-24 00:00:00-04:00,127.0,127.4375,126.1875,126.5625,725321,0.0,0.0
2023-05-25 00:00:00-04:00,126.25,126.5,125.375,125.53125,597813,0.0,0.0
2023-05-26 00:00:00-04:00,125.46875,126.125,124.96875,125.625,362720,0.0,0.0
2023-05-30 00:00:00-04:00,125.84375,127.46875,125.40625,127.1875,215452,0.0,0.0
2023-05-31 00:00:00-04:00,127.125,128.40625,127.125,128.0625,34763,0.0,0.0
2023-06-01 00:00:00-04:00,128.0625,129.5,127.59375,128.59375,13319,0.0,0.0
2023-06-02 00:00:00-04:00,128.75,128.75,127.59375,127.6875,7928,0.0,0.0
2023-06-05 00:00:00-04:00,127.5,127.90625,126.59375,127.6875,1835,0.0,0.0
2023-06-06 00:00:00-04:00,127.75,128.15625,127.3125,127.71875,1294,0.0,0.0
2023-06-07 00:00:00-04:00,127.5625,127.6875,126.1875,126.3125,117,0.0,0.0
2023-06-08 00:00:00-04:00,126.28125,127.46875,125.75,127.46875,79,0.0,0.0
2023-06-09 00:00:00-04:00,127.09375,127.4375,126.78125,127.34375,79,0.0,0.0
2023-06-12 00:00:00-04:00,126.625,127.4375,126.53125,126.96875,4676,0.0,0.0
2023-06-13 00:00:00-04:00,127.5625,128.03125,126.0,126.0625,175,0.0,0.0
2023-06-14 00:00:00-04:00,126.5,127.0,126.5,126.9375,2105,0.0,0.0
2023-06-15 00:00:00-04:00,126.53125,128.0625,126.46875,127.75,769,0.0,0.0
2023-06-16 00:00:00-04:00,127.0,127.5,127.0,127.34375,137,0.0,0.0
2023-06-20 00:00:00-04:00,126.875,128.5,126.75,128.25,158,0.0,0.0
2023-06-21 00:00:00-04:00,128.1875,128.1875,126.96875,127.8125,308858,0.0,0.0
2023-06-22 00:00:00-04:00,128.125,128.3125,126.84375,127.0,286811,0.0,0.0
2023-06-23 00:00:00-04:00,127.0625,128.625,127.0,127.90625,336623,0.0,0.0
2023-06-26 00:00:00-04:00,127.9375,128.8125,127.84375,128.09375,261873,0.0,0.0
2023-06-27 00:00:00-04:00,128.0,128.5625,127.375,127.5625,303061,0.0,0.0
2023-06-28 00:00:00-04:00,127.5625,128.40625,127.4375,128.25,290382,0.0,0.0
2023-06-29 00:00:00-04:00,128.25,128.3125,125.9375,126.15625,436760,0.0,0.0
2023-06-30 00:00:00-04:00,126.34375,127.21875,125.65625,126.90625,489824,0.0,0.0
2023-07-03 00:00:00-04:00,126.75,127.75,126.40625,126.625,258015,0.0,0.0
2023-07-05 00:00:00-04:00,126.78125,127.0,125.15625,125.25,394262,0.0,0.0
2023-07-06 00:00:00-04:00,125.5,125.53125,123.59375,124.03125,414981,0.0,0.0
2023-07-07 00:00:00-04:00,124.15625,124.46875,123.25,123.75,387043,0.0,0.0
2023-07-10 00:00:00-04:00,123.53125,124.34375,122.9375,124.0625,306741,0.0,0.0
2023-07-11 00:00:00-04:00,124.0625,124.75,123.96875,124.375,241585,0.0,0.0
2023-07-12 00:00:00-04:00,124.46875,126.0,124.40625,125.78125,385450,0.0,0.0
2023-07-13 00:00:00-04:00,125.65625,127.0625,125.5,127.0,423031,0.0,0.0
2023-07-14 00:00:00-04:00,126.875,127.1875,126.21875,126.4375,280458,0.0,0.0
2023-07-17 00:00:00-04:00,126.25,127.125,126.03125,126.5625,229674,0.0,0.0
2023-07-18 00:00:00-04:00,126.4375,127.375,126.40625,126.78125,268887,0.0,0.0
2023-07-19 00:00:00-04:00,126.78125,127.75,126.6875,127.6875,351095,0.0,0.0
2023-07-20 00:00:00-04:00,127.53125,127.625,125.90625,126.1875,339469,0.0,0.0
2023-07-21 00:00:00-04:00,126.25,126.9375,126.125,126.375,246024,0.0,0.0
2023-07-24 00:00:00-04:00,126.25,127.0625,125.90625,126.15625,255922,0.0,0.0
2023-07-25 00:00:00-04:00,125.96875,126.1875,125.3125,125.53125,281462,0.0,0.0
2023-07-26 00:00:00-04:00,125.84375,126.3125,125.5,126.1875,292646,0.0,0.0
2023-07-27 00:00:00-04:00,125.9375,126.3125,123.65625,123.875,475993,0.0,0.0
2023-07-28 00:00:00-04:00,124.0,124.65625,123.28125,124.25,397043,0.0,0.0
2023-07-31 00:00:00-04:00,124.4375,124.875,123.8125,124.4375,409545,0.0,0.0
2023-08-01 00:00:00-04:00,124.46875,124.625,122.8125,122.96875,385474,0.0,0.0
2023-08-02 00:00:00-04:00,123.0625,123.40625,121.625,122.28125,485621,0.0,0.0
2023-08-03 00:00:00-04:00,122.15625,122.25,120.09375,120.34375,603295,0.0,0.0
2023-08-04 00:00:00-04:00,120.5625,122.28125,119.78125,122.0,496840,0.0,0.0
2023-08-07 00:00:00-04:00,122.125,122.15625,121.03125,121.5625,294889,0.0,0.0
2023-08-08 00:00:00-04:00,121.40625,123.15625,121.375,122.4375,347466,0.0,0.0
2023-08-09 00:00:00-04:00,122.375,123.03125,122.1875,122.75,265765,0.0,0.0
2023-08-10 00:00:00-04:00,122.8125,123.6875,121.28125,121.6875,448563,0.0,0.0
2023-08-11 00:00:00-04:00,121.34375,121.625,120.65625,120.75,341338,0.0,0.0
2023-08-14 00:00:00-04:00,120.78125,121.28125,120.1875,120.6875,272514,0.0,0.0
2023-08-15 00:00:00-04:00,120.5625,120.71875,119.4375,120.09375,337608,0.0,0.0
2023-08-16 00:00:00-04:00,120.1875,120.59375,119.09375,119.375,385904,0.0,0.0
2023-08-17 00:00:00-04:00,119.46875,119.59375,118.4375,118.65625,383991,0.0,0.0
2023-08-18 00:00:00-04:00,119.0,119.875,118.84375,119.21875,323477,0.0,0.0
2023-08-21 00:00:00-04:00,119.21875,119.3125,117.65625,117.875,431827,0.0,0.0
2023-08-22 00:00:00-04:00,117.9375,118.5,117.5625,118.34375,379429,0.0,0.0
2023-08-23 00:00:00-04:00,118.40625,120.46875,118.375,120.21875,569778,0.0,0.0
2023-08-24 00:00:00-04:00,120.28125,120.71875,119.6875,119.84375,812118,0.0,0.0
2023-08-25 00:00:00-04:00,119.8125,120.28125,119.15625,119.75,682709,0.0,0.0
2023-08-28 00:00:00-04:00,119.875,120.4375,119.59375,119.9375,602477,0.0,0.0
2023-08-29 00:00:00-04:00,120.09375,121.375,119.59375,121.09375,441348,0.0,0.0
2023-08-30 00:00:00-04:00,121.15625,121.59375,120.59375,121.125,92154,0.0,0.0
2023-08-31 00:00:00-04:00,121.25,121.84375,121.09375,121.5625,5921,0.0,0.0
2023-09-01 00:00:00-04:00,121.34375,121.8125,119.875,120.25,4687,0.0,0.0
2023-09-05 00:00:00-04:00,120.09375,120.09375,118.90625,119.03125,2127,0.0,0.0
2023-09-06 00:00:00-04:00,119.15625,119.46875,118.875,119.125,5337,0.0,0.0
2023-09-07 00:00:00-04:00,119.0,119.46875,118.75,119.28125,3334,0.0,0.0
2023-09-08 00:00:00-04:00,119.46875,120.03125,119.4375,119.5,346,0.0,0.0
2023-09-11 00:00:00-04:00,119.5,119.5,118.90625,119.03125,104,0.0,0.0
2023-09-12 00:00:00-04:00,119.09375,119.40625,118.96875,119.375,183,0.0,0.0
2023-09-13 00:00:00-04:00,119.25,119.65625,118.8125,119.625,496,0.0,0.0
2023-09-14 00:00:00-04:00,119.6875,119.78125,119.03125,119.03125,216,0.0,0.0
2023-09-15 00:00:00-04:00,118.96875,118.96875,118.4375,118.59375,43,0.0,0.0
2023-09-18 00:00:00-04:00,118.34375,119.09375,118.34375,118.875,30,0.0,0.0
2023-09-19 00:00:00-04:00,118.75,119.0,118.375,118.375,138,0.0,0.0
2023-09-20 00:00:00-04:00,118.9375,119.28125,118.46875,119.21875,380385,0.0,0.0
2023-09-21 00:00:00-04:00,117.875,117.875,115.90625,116.28125,629981,0.0,0.0
2023-09-22 00:00:00-04:00,115.9375,117.09375,115.71875,116.90625,441258,0.0,0.0
2023-09-25 00:00:00-04:00,116.9375,117.0,114.6875,114.84375,513762,0.0,0.0
2023-09-26 00:00:00-04:00,115.0,115.71875,114.3125,114.375,551069,0.0,0.0
2023-09-27 00:00:00-04:00,114.6875,115.46875,113.34375,113.5,687279,0.0,0.0
2023-09-28 00:00:00-04:00,113.6875,113.96875,112.3125,113.5,801310,0.0,0.0
2023-09-29 00:00:00-04:00,113.78125,114.75,113.375,113.78125,795476,0.0,0.0
2023-10-02 00:00:00-04:00,113.75,113.75,111.96875,112.375,540084,0.0,0.0
2023-10-03 00:00:00-04:00,112.5625,112.75,110.5,110.65625,706905,0.0,0.0
2023-10-04 00:00:00-04:00,110.75,111.84375,109.625,111.5,778418,0.0,0.0
2023-10-05 00:00:00-04:00,111.5625,111.90625,110.71875,111.40625,501130,0.0,0.0
2023-10-06 00:00:00-04:00,111.3125,111.4375,108.90625,110.46875,710699,0.0,0.0
2023-10-09 00:00:00-04:00,110.5625,112.25,110.34375,112.03125,196842,0.0,0.0
2023-10-10 00:00:00-04:00,112.0,112.59375,110.9375,112.0625,506124,0.0,0.0
2023-10-11 00:00:00-04:00,112.0,113.9375,111.96875,113.375,649075,0.0,0.0
2023-10-12 00:00:00-04:00,113.84375,114.3125,111.21875,111.46875,670937,0.0,0.0
2023-10-13 00:00:00-04:00,111.65625,113.4375,111.625,112.78125,484080,0.0,0.0
2023-10-16 00:00:00-04:00,112.84375,112.84375,111.1875,111.34375,368500,0.0,0.0
2023-10-17 00:00:00-04:00,111.4375,111.53125,109.53125,110.0,561444,0.0,0.0
2023-10-18 00:00:00-04:00,110.25,110.375,108.78125,109.28125,533800,0.0,0.0
2023-10-19 00:00:00-04:00,109.09375,109.46875,107.6875,107.84375,619532,0.0,0.0
2023-10-20 00:00:00-04:00,107.84375,108.875,107.53125,108.46875,518009,0.0,0.0
2023-10-23 00:00:00-04:00,108.0625,110.25,107.125,109.96875,648591,0.0,0.0
2023-10-24 00:00:00-04:00,109.75,110.5,109.25,110.0,526442,0.0,0.0
2023-10-25 00:00:00-04:00,110.28125,110.5,108.28125,108.40625,506995,0.0,0.0
2023-10-26 00:00:00-04:00,108.40625,109.96875,107.875,109.875,596519,0.0,0.0
2023-10-27 00:00:00-04:00,109.78125,109.84375,108.9375,109.5,394682,0.0,0.0
2023-10-30 00:00:00-04:00,109.6875,109.8125,108.5,109.28125,441993,0.0,0.0
2023-10-31 00:00:00-04:00,109.0,110.375,108.5625,109.4375,725179,0.0,0.0
2023-11-01 00:00:00-04:00,108.65625,111.1875,108.59375,110.4375,708731,0.0,0.0
2023-11-02 00:00:00-04:00,111.15625,112.96875,110.96875,112.5,705756,0.0,0.0
2023-11-03 00:00:00-04:00,112.6875,114.84375,112.375,113.65625,715888,0.0,0.0
2023-11-06 00:00:00-05:00,113.40625,113.4375,112.375,112.46875,416950,0.0,0.0
2023-11-07 00:00:00-05:00,112.75,114.34375,112.46875,113.96875,457728,0.0,0.0
2023-11-08 00:00:00-05:00,114.0,115.375,113.46875,114.8125,494936,0.0,0.0
2023-11-09 00:00:00-05:00,115.25,115.375,112.375,112.96875,695153,0.0,0.0
2023-11-10 00:00:00-05:00,113.15625,114.03125,112.6875,113.375,450035,0.0,0.0
2023-11-13 00:00:00-05:00,113.09375,113.40625,112.375,113.28125,340051,0.0,0.0
2023-11-14 00:00:00-05:00,113.125,115.71875,112.9375,115.4375,578890,0.0,0.0
2023-11-15 00:00:00-05:00,115.25,115.71875,113.9375,114.25,540684,0.0,0.0
2023-11-16 00:00:00-05:00,114.25,115.5625,114.1875,115.3125,461014,0.0,0.0
2023-11-17 00:00:00-05:00,115.28125,116.15625,114.84375,115.40625,445292,0.0,0.0
2023-11-20 00:00:00-05:00,115.3125,116.0625,114.6875,115.8125,512825,0.0,0.0
2023-11-21 00:00:00-05:00,115.78125,116.4375,115.25,115.625,663042,0.0,0.0
2023-11-22 00:00:00-05:00,115.9375,116.5,115.46875,115.875,744893,0.0,0.0
2023-11-23 00:00:00-05:00,115.9375,116.25,115.25,115.4375,744893,0.0,0.0
2023-11-24 00:00:00-05:00,115.9375,116.25,114.75,114.84375,372458,0.0,0.0
2023-11-27 00:00:00-05:00,114.90625,116.15625,114.46875,116.03125,864919,0.0,0.0
2023-11-28 00:00:00-05:00,116.0,116.6875,115.65625,116.375,547748,0.0,0.0
2023-11-29 00:00:00-05:00,116.625,117.59375,116.5,117.40625,107163,0.0,0.0
2023-11-30 00:00:00-05:00,117.46875,117.71875,116.1875,116.4375,17882,0.0,0.0
2023-12-01 00:00:00-05:00,116.65625,118.46875,116.46875,118.15625,5524,0.0,0.0
2023-12-04 00:00:00-05:00,118.15625,118.25,117.34375,117.5625,3054,0.0,0.0
2023-12-05 00:00:00-05:00,117.90625,119.53125,117.875,119.4375,2545,0.0,0.0
2023-12-06 00:00:00-05:00,119.46875,120.75,119.125,120.5625,732,0.0,0.0
2023-12-07 00:00:00-05:00,120.625,120.625,119.65625,120.28125,906,0.0,0.0
2023-12-08 00:00:00-05:00,119.84375,119.90625,118.53125,119.03125,141,0.0,0.0
2023-12-11 00:00:00-05:00,119.09375,119.09375,118.4375,119.03125,75,0.0,0.0
2023-12-12 00:00:00-05:00,119.375,119.96875,118.90625,119.5,980,0.0,0.0
2023-12-13 00:00:00-05:00,119.96875,121.75,119.96875,121.625,86,0.0,0.0
2023-12-14 00:00:00-05:00,122.6875,123.75,122.40625,123.34375,55,0.0,0.0
2023-12-15 00:00:00-05:00,123.6875,124.0,123.65625,123.84375,95,0.0,0.0
2023-12-18 00:00:00-05:00,123.75,123.75,123.25,123.25,106,0.0,0.0
2023-12-19 00:00:00-05:00,123.9375,124.0625,123.5625,123.71875,343848,0.0,0.0
2023-12-20 00:00:00-05:00,123.5,124.75,123.46875,124.375,522150,0.0,0.0
2023-12-21 00:00:00-05:00,124.625,124.9375,123.875,123.96875,398470,0.0,0.0
2023-12-22 00:00:00-05:00,124.03125,124.71875,123.625,123.78125,264909,0.0,0.0
2023-12-26 00:00:00-05:00,123.90625,124.3125,123.8125,124.25,119155,0.0,0.0
2023-12-27 00:00:00-05:00,124.09375,125.9375,124.0,125.875,279953,0.0,0.0
2023-12-28 00:00:00-05:00,125.59375,125.875,124.9375,125.125,336627,0.0,0.0
2023-12-29 00:00:00-05:00,125.0625,125.28125,124.28125,124.9375,427020,0.0,0.0
2024-01-02 00:00:00-05:00,124.46875,124.65625,123.25,123.8125,498700,0.0,0.0
2024-01-03 00:00:00-05:00,123.96875,124.3125,122.78125,124.125,540281,0.0,0.0
2024-01-04 00:00:00-05:00,123.875,124.15625,122.5625,122.84375,452215,0.0,0.0
2024-01-05 00:00:00-05:00,122.6875,123.21875,121.28125,122.03125,570439,0.0,0.0
2024-01-08 00:00:00-05:00,122.03125,123.0,121.625,122.53125,447336,0.0,0.0
2024-01-09 00:00:00-05:00,122.21875,122.75,121.8125,122.40625,359001,0.0,0.0
2024-01-10 00:00:00-05:00,122.4375,122.9375,121.9375,122.15625,372262,0.0,0.0
2024-01-11 00:00:00-05:00,122.15625,123.46875,121.46875,122.71875,557825,0.0,0.0
2024-01-12 00:00:00-05:00,122.90625,123.40625,122.28125,122.875,472063,0.0,0.0
2024-01-16 00:00:00-05:00,123.0625,123.09375,120.84375,121.0625,623981,0.0,0.0
2024-01-17 00:00:00-05:00,121.125,121.5625,120.375,120.78125,560594,0.0,0.0
2024-01-18 00:00:00-05:00,120.75,121.09375,119.6875,119.90625,425125,0.0,0.0
2024-01-19 00:00:00-05:00,119.96875,120.40625,119.3125,120.0,403169,0.0,0.0
2024-01-22 00:00:00-05:00,120.25,121.15625,120.125,120.71875,320882,0.0,0.0
2024-01-23 00:00:00-05:00,120.625,120.8125,119.625,119.8125,346008,0.0,0.0
2024-01-24 00:00:00-05:00,120.03125,120.65625,119.125,119.21875,488404,0.0,0.0
2024-01-25 00:00:00-05:00,119.28125,120.125,119.0,119.8125,404028,0.0,0.0
2024-01-26 00:00:00-05:00,119.90625,120.375,119.375,119.5625,329373,0.0,0.0
2024-01-29 00:00:00-05:00,119.90625,121.03125,119.71875,120.53125,371321,0.0,0.0
2024-01-30 00:00:00-05:00,120.75,121.59375,120.59375,121.25,423973,0.0,0.0
2024-01-31 00:00:00-05:00,121.5625,123.125,121.40625,122.34375,811288,0.0,0.0
2024-02-01 00:00:00-05:00,123.03125,124.75,122.46875,124.03125,737368,0.0,0.0
2024-02-02 00:00:00-05:00,123.71875,124.0,121.59375,121.90625,667930,0.0,0.0
2024-02-05 00:00:00-05:00,121.9375,121.96875,119.9375,120.125,502868,0.0,0.0
2024-02-06 00:00:00-05:00,120.1875,121.1875,120.0,121.0,399517,0.0,0.0
2024-02-07 00:00:00-05:00,120.875,121.3125,120.375,120.84375,402496,0.0,0.0
2024-02-08 00:00:00-05:00,120.6875,120.875,119.625,119.6875,401263,0.0,0.0
2024-02-09 00:00:00-05:00,120.0625,120.4375,119.46875,119.625,312682,0.0,0.0
2024-02-12 00:00:00-05:00,119.75,120.125,119.40625,119.84375,240152,0.0,0.0
2024-02-13 00:00:00-05:00,119.71875,120.875,117.9375,117.96875,494073,0.0,0.0
2024-02-14 00:00:00-05:00,118.09375,118.8125,117.8125,118.53125,438850,0.0,0.0
2024-02-15 00:00:00-05:00,118.625,119.625,118.5625,118.875,390896,0.0,0.0
2024-02-16 00:00:00-05:00,119.0625,119.0625,117.84375,118.21875,354470,0.0,0.0
2024-02-20 00:00:00-05:00,118.34375,118.75,117.6875,118.3125,380372,0.0,0.0
2024-02-21 00:00:00-05:00,118.375,118.6875,117.625,117.71875,514292,0.0,0.0
2024-02-22 00:00:00-05:00,117.875,118.28125,117.34375,118.0625,849520,0.0,0.0
2024-02-23 00:00:00-05:00,118.125,119.25,117.78125,119.0625,854312,0.0,0.0
2024-02-26 00:00:00-05:00,119.09375,119.6875,118.34375,118.59375,1048276,0.0,0.0
2024-02-27 00:00:00-05:00,118.90625,119.28125,118.1875,118.3125,648680,0.0,0.0
2024-02-28 00:00:00-05:00,118.46875,118.96875,118.28125,118.75,132265,0.0,0.0
2024-02-29 00:00:00-05:00,118.84375,119.5,118.21875,119.25,37227,0.0,0.0
2024-03-01 00:00:00-05:00,119.15625,120.0625,118.5625,120.03125,4739,0.0,0.0
2024-03-04 00:00:00-05:00,120.0,120.0,119.125,119.59375,11414,0.0,0.0
2024-03-05 00:00:00-05:00,119.59375,121.25,119.53125,120.84375,11212,0.0,0.0
2024-03-06 00:00:00-05:00,120.53125,121.65625,120.4375,121.59375,7933,0.0,0.0
2024-03-07 00:00:00-05:00,121.3125,122.21875,121.3125,121.71875,2560,0.0,0.0
2024-03-08 00:00:00-05:00,121.96875,122.21875,121.3125,121.5,5423,0.0,0.0
2024-03-11 00:00:00-04:00,121.84375,121.90625,121.28125,121.40625,1047,0.0,0.0
2024-03-12 00:00:00-04:00,121.5625,121.65625,120.75,120.75,920,0.0,0.0
2024-03-13 00:00:00-04:00,121.03125,121.03125,120.25,120.25,747,0.0,0.0
2024-03-14 00:00:00-04:00,120.40625,120.40625,118.71875,118.71875,262,0.0,0.0
2024-03-15 00:00:00-04:00,119.03125,119.03125,118.53125,118.75,3106,0.0,0.0
2024-03-18 00:00:00-04:00,118.59375,118.84375,118.125,118.21875,5593,0.0,0.0
2024-03-19 00:00:00-04:00,118.53125,118.84375,118.21875,118.75,420800,0.0,0.0
2024-03-20 00:00:00-04:00,118.71875,119.65625,118.125,118.8125,418679,0.0,0.0
2024-03-21 00:00:00-04:00,118.875,119.625,118.59375,119.0,365646,0.0,0.0
2024-03-22 00:00:00-04:00,119.09375,120.15625,119.0625,119.78125,313018,0.0,0.0
2024-03-25 00:00:00-04:00,119.96875,120.1875,119.1875,119.3125,252136,0.0,0.0
2024-03-26 00:00:00-04:00,119.40625,119.78125,119.0625,119.625,295636,0.0,0.0
2024-03-27 00:00:00-04:00,119.625,120.375,119.5,120.1875,335560,0.0,0.0
2024-03-28 00:00:00-04:00,120.3125,120.625,119.75,120.4375,449274,0.0,0.0
2024-04-01 00:00:00-04:00,120.34375,120.46875,118.4375,118.5,377769,0.0,0.0
2024-04-02 00:00:00-04:00,118.71875,118.8125,117.15625,117.71875,616978,0.0,0.0
2024-04-03 00:00:00-04:00,117.84375,118.03125,116.75,117.78125,539863,0.0,0.0
2024-04-04 00:00:00-04:00,117.9375,118.53125,117.375,118.40625,475174,0.0,0.0
2024-04-05 00:00:00-04:00,118.34375,118.46875,117.03125,117.53125,509127,0.0,0.0
2024-04-08 00:00:00-04:00,117.09375,117.3125,116.34375,117.125,454746,0.0,0.0
2024-04-09 00:00:00-04:00,117.125,118.15625,117.0,117.96875,388353,0.0,0.0
2024-04-10 00:00:00-04:00,118.0,118.3125,115.40625,115.5625,717703,0.0,0.0
2024-04-11 00:00:00-04:00,115.78125,116.03125,114.90625,115.25,652036,0.0,0.0
2024-04-12 00:00:00-04:00,115.0,116.4375,114.96875,116.21875,450942,0.0,0.0
2024-04-15 00:00:00-04:00,116.03125,116.03125,113.90625,114.28125,631164,0.0,0.0
2024-04-16 00:00:00-04:00,114.53125,114.75,113.3125,113.96875,651475,0.0,0.0
2024-04-17 00:00:00-04:00,113.84375,114.96875,113.625,114.84375,505306,0.0,0.0
2024-04-18 00:00:00-04:00,114.8125,115.1875,114.0625,114.125,401745,0.0,0.0
2024-04-19 00:00:00-04:00,114.375,116.15625,114.28125,114.625,500960,0.0,0.0
2024-04-22 00:00:00-04:00,114.375,114.6875,113.96875,114.53125,330284,0.0,0.0
2024-04-23 00:00:00-04:00,114.625,115.15625,114.0625,114.71875,405843,0.0,0.0
2024-04-24 00:00:00-04:00,114.6875,114.75,113.625,113.90625,432535,0.0,0.0
2024-04-25 00:00:00-04:00,114.0625,114.34375,112.84375,113.3125,444457,0.0,0.0
2024-04-26 00:00:00-04:00,113.34375,114.3125,113.1875,113.84375,358743,0.0,0.0
2024-04-29 00:00:00-04:00,113.9375,114.75,113.9375,114.59375,382001,0.0,0.0
2024-04-30 00:00:00-04:00,114.59375,114.78125,113.75,113.8125,539736,0.0,0.0
2024-05-01 00:00:00-04:00,113.9375,115.1875,113.6875,115.03125,402943,0.0,0.0
2024-05-02 00:00:00-04:00,114.5625,115.15625,114.0625,115.125,448312,0.0,0.0
2024-05-03 00:00:00-04:00,114.90625,116.5625,114.78125,115.9375,531975,0.0,0.0
2024-05-06 00:00:00-04:00,115.8125,116.40625,115.71875,116.21875,278722,0.0,0.0
2024-05-07 00:00:00-04:00,116.25,117.21875,116.125,116.6875,458632,0.0,0.0
2024-05-08 00:00:00-04:00,116.78125,116.875,116.1875,116.34375,420661,0.0,0.0
2024-05-09 00:00:00-04:00,116.25,116.8125,115.75,116.75,480244,0.0,0.0
2024-05-10 00:00:00-04:00,116.65625,116.90625,115.9375,116.0625,313320,0.0,0.0
2024-05-13 00:00:00-04:00,116.125,116.6875,116.125,116.375,290881,0.0,0.0
2024-05-14 00:00:00-04:00,116.28125,116.875,115.65625,116.78125,380611,0.0,0.0
2024-05-15 00:00:00-04:00,116.875,118.25,116.75,118.0625,541507,0.0,0.0
2024-05-16 00:00:00-04:00,118.21875,118.71875,117.78125,117.90625,401678,0.0,0.0
2024-05-17 00:00:00-04:00,117.9375,118.0625,117.21875,117.3125,276738,0.0,0.0
2024-05-20 00:00:00-04:00,117.28125,117.5,116.78125,117.0625,306571,0.0,0.0
2024-05-21 00:00:00-04:00,116.96875,117.59375,116.84375,117.34375,362333,0.0,0.0
2024-05-22 00:00:00-04:00,117.34375,117.53125,116.75,117.28125,512132,0.0,0.0
2024-05-23 00:00:00-04:00,117.46875,117.65625,116.46875,116.8125,947057,0.0,0.0
2024-05-24 00:00:00-04:00,116.78125,117.03125,116.40625,116.8125,645816,0.0,0.0
2024-05-28 00:00:00-04:00,116.96875,117.15625,115.625,115.78125,1243177,0.0,0.0
2024-05-29 00:00:00-04:00,115.625,115.78125,114.34375,114.5625,606625,0.0,0.0
2024-05-30 00:00:00-04:00,114.71875,115.59375,114.46875,115.4375,108147,0.0,0.0
2024-05-31 00:00:00-04:00,115.46875,116.34375,115.21875,115.9375,17156,0.0,0.0
2024-06-03 00:00:00-04:00,116.1875,117.625,116.1875,117.46875,4169,0.0,0.0
2024-06-04 00:00:00-04:00,117.59375,118.6875,117.34375,118.40625,3161,0.0,0.0
2024-06-05 00:00:00-04:00,118.40625,119.1875,118.15625,119.0625,4378,0.0,0.0
2024-06-06 00:00:00-04:00,119.03125,119.34375,118.71875,119.25,221,0.0,0.0
2024-06-07 00:00:00-04:00,119.15625,119.15625,117.375,117.40625,1376,0.0,0.0
2024-06-10 00:00:00-04:00,116.90625,116.90625,116.6875,116.78125,247,0.0,0.0
2024-06-11 00:00:00-04:00,117.0,117.59375,116.9375,117.59375,105,0.0,0.0
2024-06-12 00:00:00-04:00,117.59375,119.4375,117.59375,119.0,982,0.0,0.0
2024-06-13 00:00:00-04:00,118.65625,119.6875,118.65625,119.6875,2130,0.0,0.0
2024-06-14 00:00:00-04:00,120.40625,120.40625,119.9375,120.28125,756,0.0,0.0
2024-06-17 00:00:00-04:00,119.28125,119.65625,119.21875,119.46875,764,0.0,0.0
2024-06-18 00:00:00-04:00,119.71875,120.0625,119.71875,120.0625,546236,0.0,0.0
2024-06-20 00:00:00-04:00,120.375,120.5625,119.25,119.8125,478763,0.0,0.0
2024-06-21 00:00:00-04:00,119.65625,120.34375,119.46875,119.78125,344715,0.0,0.0
2024-06-24 00:00:00-04:00,119.71875,120.3125,119.5,120.0,331318,0.0,0.0
2024-06-25 00:00:00-04:00,120.1875,120.625,119.84375,120.15625,375761,0.0,0.0
2024-06-26 00:00:00-04:00,120.09375,120.09375,118.6875,118.9375,421020,0.0,0.0
2024-06-27 00:00:00-04:00,118.75,119.46875,118.40625,119.3125,435015,0.0,0.0
2024-06-28 00:00:00-04:00,119.3125,119.625,117.4375,118.3125,797426,0.0,0.0
2024-07-01 00:00:00-04:00,117.3125,117.5625,115.9375,116.09375,641867,0.0,0.0
2024-07-02 00:00:00-04:00,116.375,117.03125,116.28125,116.65625,491420,0.0,0.0
2024-07-03 00:00:00-04:00,116.75,118.125,116.59375,118.0,406666,0.0,0.0
2024-07-05 00:00:00-04:00,117.75,118.9375,117.0625,118.8125,456671,0.0,0.0
2024-07-08 00:00:00-04:00,118.71875,119.03125,118.15625,119.0,323755,0.0,0.0
2024-07-09 00:00:00-04:00,118.8125,118.9375,118.03125,118.4375,392622,0.0,0.0
2024-07-10 00:00:00-04:00,118.5,118.96875,118.28125,118.75,408495,0.0,0.0
2024-07-11 00:00:00-04:00,118.65625,120.34375,118.5,119.84375,568326,0.0,0.0
2024-07-12 00:00:00-04:00,119.625,120.03125,119.1875,119.9375,380288,0.0,0.0
2024-07-15 00:00:00-04:00,119.375,119.5625,118.71875,119.1875,464771,0.0,0.0
2024-07-16 00:00:00-04:00,119.09375,120.375,119.09375,120.28125,463623,0.0,0.0
2024-07-17 00:00:00-04:00,120.3125,120.53125,119.84375,120.53125,437952,0.0,0.0
2024-07-18 00:00:00-04:00,120.3125,120.34375,119.59375,119.8125,406526,0.0,0.0
2024-07-19 00:00:00-04:00,119.65625,119.90625,118.96875,119.125,326006,0.0,0.0
2024-07-22 00:00:00-04:00,119.46875,119.75,118.46875,118.78125,402077,0.0,0.0
2024-07-23 00:00:00-04:00,118.875,119.34375,118.78125,119.03125,361821,0.0,0.0
2024-07-24 00:00:00-04:00,118.8125,119.28125,117.90625,118.03125,549179,0.0,0.0
2024-07-25 00:00:00-04:00,118.0,119.40625,118.0,118.625,550373,0.0,0.0
2024-07-26 00:00:00-04:00,118.78125,119.5625,118.375,119.34375,327349,0.0,0.0
2024-07-29 00:00:00-04:00,119.375,120.15625,119.3125,119.65625,295288,0.0,0.0
2024-07-30 00:00:00-04:00,119.71875,120.375,119.5,120.1875,345965,0.0,0.0
2024-07-31 00:00:00-04:00,120.25,121.8125,119.96875,120.78125,625435,0.0,0.0
2024-08-01 00:00:00-04:00,121.71875,122.8125,121.3125,122.53125,683934,0.0,0.0
2024-08-02 00:00:00-04:00,122.46875,125.25,122.25,125.0625,826023,0.0,0.0
2024-08-05 00:00:00-04:00,125.1875,126.84375,124.65625,125.40625,944974,0.0,0.0
2024-08-06 00:00:00-04:00,125.34375,125.4375,123.40625,123.6875,614049,0.0,0.0
2024-08-07 00:00:00-04:00,123.90625,123.90625,122.28125,122.4375,599582,0.0,0.0
2024-08-08 00:00:00-04:00,122.625,123.375,121.53125,122.0,541204,0.0,0.0
2024-08-09 00:00:00-04:00,122.0625,123.1875,122.0625,122.90625,293009,0.0,0.0
2024-08-12 00:00:00-04:00,122.9375,123.46875,122.53125,123.3125,305486,0.0,0.0
2024-08-13 00:00:00-04:00,123.3125,124.125,122.96875,124.0,364958,0.0,0.0
2024-08-14 00:00:00-04:00,124.03125,124.78125,123.84375,124.59375,409506,0.0,0.0
2024-08-15 00:00:00-04:00,124.4375,124.53125,122.65625,123.28125,443936,0.0,0.0
2024-08-16 00:00:00-04:00,123.46875,124.125,123.28125,123.6875,338727,0.0,0.0
2024-08-19 00:00:00-04:00,123.71875,124.40625,123.46875,124.1875,313746,0.0,0.0
2024-08-20 00:00:00-04:00,124.09375,125.03125,123.84375,124.875,388401,0.0,0.0
2024-08-21 00:00:00-04:00,124.96875,125.5625,124.53125,125.375,540232,0.0,0.0
2024-08-22 00:00:00-04:00,124.9375,125.125,123.75,124.03125,839048,0.0,0.0
2024-08-23 00:00:00-04:00,124.125,124.9375,124.0,124.59375,755104,0.0,0.0
2024-08-26 00:00:00-04:00,124.71875,125.09375,124.3125,124.53125,1047448,0.0,0.0
2024-08-27 00:00:00-04:00,124.5625,124.65625,123.625,124.15625,797912,0.0,0.0
2024-08-28 00:00:00-04:00,124.3125,124.65625,123.90625,123.96875,389629,0.0,0.0
2024-08-29 00:00:00-04:00,124.09375,124.4375,123.21875,123.59375,99139,0.0,0.0
2024-08-30 00:00:00-04:00,123.75,123.9375,122.5,122.96875,11291,0.0,0.0
2024-09-03 00:00:00-04:00,122.90625,124.28125,122.5,124.03125,2855,0.0,0.0
2024-09-04 00:00:00-04:00,124.0625,125.21875,124.0625,125.03125,3143,0.0,0.0
2024-09-05 00:00:00-04:00,125.09375,125.625,124.9375,125.53125,624,0.0,0.0
2024-09-06 00:00:00-04:00,125.6875,126.625,125.25,125.78125,2259,0.0,0.0
2024-09-09 00:00:00-04:00,125.65625,126.09375,125.125,126.0625,2259,0.0,0.0
2024-09-10 00:00:00-04:00,125.75,126.78125,125.75,126.71875,159,0.0,0.0
2024-09-11 00:00:00-04:00,126.625,127.21875,126.3125,126.625,1700,0.0,0.0
2024-09-12 00:00:00-04:00,126.4375,126.78125,126.03125,126.1875,64,0.0,0.0
2024-09-13 00:00:00-04:00,126.46875,126.59375,126.21875,126.59375,1060,0.0,0.0
2024-09-16 00:00:00-04:00,126.5625,127.125,126.5625,127.03125,79,0.0,0.0
2024-09-17 00:00:00-04:00,127.25,127.3125,126.75,126.84375,264,0.0,0.0
2024-09-18 00:00:00-04:00,126.3125,126.875,125.96875,125.96875,91,0.0,0.0
2024-09-19 00:00:00-04:00,125.5,125.6875,125.0,125.0,598032,0.0,0.0
2024-09-20 00:00:00-04:00,125.5,125.71875,124.8125,125.25,425385,0.0,0.0
2024-09-23 00:00:00-04:00,125.03125,125.3125,124.25,125.125,424085,0.0,0.0
2024-09-24 00:00:00-04:00,124.9375,125.1875,123.90625,125.03125,470953,0.0,0.0
2024-09-25 00:00:00-04:00,125.0625,125.1875,124.09375,124.28125,378913,0.0,0.0
2024-09-26 00:00:00-04:00,124.21875,124.6875,123.71875,124.34375,462856,0.0,0.0
2024-09-27 00:00:00-04:00,124.21875,125.0,124.03125,124.875,433440,0.0,0.0
2024-09-30 00:00:00-04:00,124.8125,124.875,124.125,124.1875,605273,0.0,0.0
2024-10-01 00:00:00-04:00,124.40625,125.78125,124.34375,125.0,569434,0.0,0.0
2024-10-02 00:00:00-04:00,125.125,125.28125,123.625,124.28125,515149,0.0,0.0
2024-10-03 00:00:00-04:00,124.28125,124.34375,123.3125,123.4375,397147,0.0,0.0
2024-10-04 00:00:00-04:00,123.46875,123.6875,121.78125,121.96875,597754,0.0,0.0
2024-10-07 00:00:00-04:00,121.9375,122.25,121.21875,121.3125,441169,0.0,0.0
2024-10-08 00:00:00-04:00,121.3125,121.65625,120.75,121.125,370046,0.0,0.0
2024-10-09 00:00:00-04:00,121.4375,121.5,120.53125,120.78125,397770,0.0,0.0
2024-10-10 00:00:00-04:00,120.75,120.9375,119.875,120.1875,578507,0.0,0.0
2024-10-11 00:00:00-04:00,120.65625,120.71875,119.71875,120.375,360146,0.0,0.0
2024-10-14 00:00:00-04:00,120.0,120.125,119.4375,119.78125,144128,0.0,0.0
2024-10-15 00:00:00-04:00,120.09375,121.21875,120.03125,121.0625,432661,0.0,0.0
2024-10-16 00:00:00-04:00,121.03125,121.71875,120.96875,121.34375,381387,0.0,0.0
2024-10-17 00:00:00-04:00,121.3125,121.375,119.9375,120.0,431225,0.0,0.0
2024-10-18 00:00:00-04:00,120.09375,120.5,119.5625,120.25,379656,0.0,0.0
2024-10-21 00:00:00-04:00,120.0625,120.1875,118.46875,118.6875,411276,0.0,0.0
2024-10-22 00:00:00-04:00,118.5625,118.96875,118.0625,118.46875,484935,0.0,0.0
2024-10-23 00:00:00-04:00,118.40625,118.46875,117.78125,118.03125,481960,0.0,0.0
2024-10-24 00:00:00-04:00,118.03125,119.03125,117.90625,118.75,496729,0.0,0.0
2024-10-25 00:00:00-04:00,118.625,119.15625,118.03125,118.28125,399365,0.0,0.0
2024-10-28 00:00:00-04:00,118.05999755859375,118.12000274658203,117.0,117.65625,470694,0.0,0.0
2024-10-29 00:00:00-04:00,117.9375,117.9375,117.875,117.6875,512686,0.0,0.0
2024-10-30 00:00:00-04:00,117.30000305175781,118.27999877929688,117.16000366210938,118.0625,628297,0.0,0.0
2024-10-31 00:00:00-04:00,117.59375,118.21875,117.1875,117.96875,838952,0.0,0.0
2024-11-01 00:00:00-04:00,118.0,118.78125,116.5,116.8125,730910,0.0,0.0
2024-11-04 00:00:00-05:00,117.28125,118.3125,117.28125,117.6875,479093,0.0,0.0
2024-11-05 00:00:00-05:00,118.03125,118.375,117.15625,118.15625,407773,0.0,0.0
2024-11-06 00:00:00-05:00,118.28125,118.65625,115.3125,116.25,1022368,0.0,0.0
2024-11-07 00:00:00-05:00,116.125,117.25,115.6875,117.09375,574318,0.0,0.0
2024-11-08 00:00:00-05:00,117.1875,118.34375,116.9375,117.84375,474348,0.0,0.0
2024-11-11 00:00:00-05:00,117.84375,117.90625,117.21875,117.65625,178871,0.0,0.0
2024-11-12 00:00:00-05:00,117.84375,118.15625,116.125,116.3125,564764,0.0,0.0
2024-11-13 00:00:00-05:00,116.34375,117.34375,115.6875,115.84375,615293,0.0,0.0
2024-11-14 00:00:00-05:00,115.96875,116.96875,115.46875,116.5625,595796,0.0,0.0
2024-11-15 00:00:00-05:00,116.375,116.65625,115.34375,116.3125,605809,0.0,0.0
2024-11-18 00:00:00-05:00,116.09375,116.625,115.28125,116.3125,463136,0.0,0.0
2024-11-19 00:00:00-05:00,116.28125,117.40625,116.25,116.90625,527957,0.0,0.0
2024-11-20 00:00:00-05:00,116.65625,116.90625,116.09375,116.5625,605400,0.0,0.0
2024-11-21 00:00:00-05:00,116.46875,116.90625,116.0,116.125,864071,0.0,0.0
2024-11-22 00:00:00-05:00,116.3125,116.84375,116.0625,116.28125,1017735,0.0,0.0
2024-11-25 00:00:00-05:00,117.03125,118.34375,116.84375,118.28125,1277984,0.0,0.0
2024-11-26 00:00:00-05:00,118.0625,118.25,117.5,117.875,657099,0.0,0.0
2024-11-27 00:00:00-05:00,117.90625,118.90625,117.8125,118.625,259383,0.0,0.0
2024-11-29 00:00:00-05:00,118.53125,119.34375,118.25,119.28125,22610,0.0,0.0
2024-12-02 00:00:00-05:00,119.21875,119.71875,118.71875,119.4375,16779,0.0,0.0
2024-12-03 00:00:00-05:00,119.34375,119.65625,118.71875,118.96875,2389,0.0,0.0
2024-12-04 00:00:00-05:00,118.75,119.65625,118.15625,119.5625,1037,0.0,0.0
2024-12-05 00:00:00-05:00,119.1875,119.65625,119.125,119.65625,1112,0.0,0.0
2024-12-06 00:00:00-05:00,119.9375,120.46875,119.6875,119.9375,5882,0.0,0.0
2024-12-09 00:00:00-05:00,120.125,120.125,119.15625,119.15625,121,0.0,0.0
2024-12-10 00:00:00-05:00,119.09375,119.09375,118.5625,118.84375,95,0.0,0.0
2024-12-11 00:00:00-05:00,118.625,118.75,118.0,118.0,36,0.0,0.0
2024-12-12 00:00:00-05:00,117.5625,117.5625,117.15625,117.15625,2435,0.0,0.0
2024-12-13 00:00:00-05:00,117.21875,117.28125,116.0625,116.15625,2509,0.0,0.0
2024-12-16 00:00:00-05:00,116.28125,116.59375,116.125,116.125,123,0.0,0.0
2024-12-17 00:00:00-05:00,116.3125,116.34375,116.28125,116.34375,107,0.0,0.0
2024-12-18 00:00:00-05:00,116.40625,116.40625,115.03125,115.03125,1790,0.0,0.0
2024-12-19 00:00:00-05:00,114.1875,114.1875,113.75,113.75,686071,0.0,0.0
2024-12-20 00:00:00-05:00,114.0625,115.03125,114.0,114.5,411294,0.0,0.0
2024-12-23 00:00:00-05:00,114.5,114.59375,113.5625,113.5625,252996,0.0,0.0
2024-12-24 00:00:00-05:00,113.75,113.9375,113.1875,113.875,173624,0.0,0.0
2024-12-26 00:00:00-05:00,113.78125,114.0625,113.09375,113.9375,184610,0.0,0.0
2024-12-27 00:00:00-05:00,113.8125,114.03125,113.0625,113.28125,236862,0.0,0.0
2024-12-30 00:00:00-05:00,113.1875,114.28125,113.0625,114.09375,254060,0.0,0.0
2024-12-31 00:00:00-05:00,114.28125,114.71875,113.59375,113.84375,327028,0.0,0.0
2025-01-02 00:00:00-05:00,113.75,114.59375,113.34375,113.75,338509,0.0,0.0
2025-01-03 00:00:00-05:00,114.03125,114.34375,113.4375,113.53125,260850,0.0,0.0
2025-01-06 00:00:00-05:00,113.46875,113.75,112.8125,113.125,437876,0.0,0.0
2025-01-07 00:00:00-05:00,112.96875,113.28125,111.96875,112.15625,510639,0.0,0.0
2025-01-08 00:00:00-05:00,112.15625,112.40625,111.4375,111.96875,590880,0.0,0.0
2025-01-09 00:00:00-05:00,111.9375,112.6875,111.9375,112.125,267830,0.0,0.0
2025-01-10 00:00:00-05:00,112.03125,112.21875,110.875,111.21875,595586,0.0,0.0
2025-01-13 00:00:00-05:00,111.34375,111.46875,110.78125,110.84375,386844,0.0,0.0
2025-01-14 00:00:00-05:00,111.15625,111.5,110.59375,110.90625,378968,0.0,0.0
2025-01-15 00:00:00-05:00,110.9375,112.9375,110.9375,112.53125,378968,0.0,0.0
2025-01-20 00:00:00-05:00,112.90599822998047,113.0,112.625,112.75,32231,0.0,0.0
